date,usage_kwh,price_per_kwh,daily_cost
2023-09-23 20:57:43.163781,27.49278148605128,0.14128240983968055,3.884246421545078
2023-09-24 20:57:43.163781,30.636385767401173,0.138901023335287,4.255425334386645
2023-09-25 20:57:43.163781,27.90123961128724,0.142383999485826,3.9726900864674306
2023-09-26 20:57:43.163781,28.497168091182548,0.14133740380422488,4.02771575378034
2023-09-27 20:57:43.163781,30.09178842953128,0.13960663529872497,4.201013332767966
2023-09-28 20:57:43.163781,27.443105693253976,0.138685754144982,3.8059678091493767
2023-09-29 20:57:43.163781,36.394715375691106,0.13631767705790496,4.961243057197828
2023-09-30 20:57:43.163781,30.52970368776397,0.14061545085163468,4.292948048421745
2023-10-01 20:57:43.163781,37.275261958638886,0.139668880576737,5.206194110967722
2023-10-02 20:57:43.163781,34.99789554427541,0.14262823491918966,4.991688067366174
2023-10-03 20:57:43.163781,35.70471742511128,0.1408079469399867,5.027507956702288
2023-10-04 20:57:43.163781,35.46417946826942,0.14315217168427086,5.076774307883498
2023-10-05 20:57:43.163781,31.33090047810386,0.13656746265053865,4.278781580851192
2023-10-06 20:57:43.163781,32.86583208997696,0.14050771535233936,4.617902980116264
2023-10-07 20:57:43.163781,31.98136136740436,0.13777764244991642,4.406316571539808
2023-10-08 20:57:43.163781,39.17978841085863,0.14064030175489378,5.5102572647960475
2023-10-09 20:57:43.163781,35.57211583730168,0.13840150198953913,4.9232342608284245
2023-10-10 20:57:43.163781,33.99540229674246,0.14164013598403488,4.815113404142574
2023-10-11 20:57:43.163781,38.91077327177378,0.1411415884834969,5.491928348699345
2023-10-12 20:57:43.163781,38.30728614330957,0.13760347931751835,5.271215856531155
2023-10-13 20:57:43.163781,34.33402496426071,0.1389584885098239,4.771004213492229
2023-10-14 20:57:43.163781,40.8936981837071,0.1413755745182946,5.781370074899332
2023-10-15 20:57:43.163781,38.23153148364814,0.14316788519336798,5.47352751021757
2023-10-16 20:57:43.163781,36.81048639302517,0.14143367571704737,5.206242395497907
2023-10-17 20:57:43.163781,46.61028113453898,0.14002200186773475,6.526464872076059
2023-10-18 20:57:43.163781,37.21696094908155,0.13856786985120262,5.157075001049623
2023-10-19 20:57:43.163781,38.96120698023715,0.14012581235753566,5.459470778535819
2023-10-20 20:57:43.163781,41.14526639825531,0.14281596948132774,5.87620111023433
2023-10-21 20:57:43.163781,39.209443037492086,0.13768555879246389,5.398574074558381
2023-10-22 20:57:43.163781,33.49536026774064,0.13959215586619333,4.67568955128875
2023-10-23 20:57:43.163781,38.83727091569805,0.13886719343106377,5.3932228125848685
2023-10-24 20:57:43.163781,35.087325567863964,0.14121006953988016,4.954683683406485
2023-10-25 20:57:43.163781,42.08795114904929,0.13942270841839854,5.868016140981701
2023-10-26 20:57:43.163781,42.591719840019024,0.14075971227444217,5.995198229954728
2023-10-27 20:57:43.163781,42.92487127970112,0.14286883747370663,6.132626458439397
2023-10-28 20:57:43.163781,48.07282593428061,0.13884987895295156,6.674906061901173
2023-10-29 20:57:43.163781,36.06936582417331,0.14098370500959942,5.085192831238577
2023-10-30 20:57:43.163781,40.544792765940784,0.14377535467319746,5.829341960074427
2023-10-31 20:57:43.163781,33.73252846149424,0.13983593584093873,4.717019685694148
2023-11-01 20:57:43.163781,42.834596870747475,0.14066600955021877,6.025371812500335
2023-11-02 20:57:43.163781,41.2263324844136,0.14245090747632677,5.872728474325486
2023-11-03 20:57:43.163781,31.920140517898943,0.13883271752971668,4.431559852030328
2023-11-04 20:57:43.163781,35.08883598403148,0.14161848660554882,4.969227848808862
2023-11-05 20:57:43.163781,35.40713111595696,0.14581580763842014,5.1629194198327
2023-11-06 20:57:43.163781,35.50517215302585,0.1384912188512706,4.917154566996742
2023-11-07 20:57:43.163781,42.53038642257195,0.14281368723267449,6.0739213044379765
2023-11-08 20:57:43.163781,35.29295840692553,0.14369947127081684,5.0715794626581285
2023-11-09 20:57:43.163781,39.30314843335077,0.14191596149782232,5.577744099810603
2023-11-10 20:57:43.163781,36.915936459290265,0.14402676900426015,5.316883052998144
2023-11-11 20:57:43.163781,35.48470263850952,0.1433728859959349,5.087544225990675
2023-11-12 20:57:43.163781,39.237703730380574,0.14266768023452206,5.597952168942849
2023-11-13 20:57:43.163781,35.38369457167379,0.1416147405178333,5.01085272532985
2023-11-14 20:57:43.163781,35.428568790876525,0.14029492771491972,4.970448497559083
2023-11-15 20:57:43.163781,35.71965594374686,0.1408288075369286,5.030356552187235
2023-11-16 20:57:43.163781,35.11459103176227,0.14075833255178405,4.942671281868686
2023-11-17 20:57:43.163781,34.31353946487023,0.14051192760483788,4.821461573153593
2023-11-18 20:57:43.163781,33.96336352667281,0.14399983561018898,4.890718764609972
2023-11-19 20:57:43.163781,31.800635276441337,0.13834281095790305,4.3993892743899465
2023-11-20 20:57:43.163781,31.567276950859494,0.1408678091068937,4.446813143538121
2023-11-21 20:57:43.163781,30.606282797324873,0.14299831109995728,4.376646749065133
2023-11-22 20:57:43.163781,30.538043392605555,0.14282117263694336,4.361479167369786
2023-11-23 20:57:43.163781,31.785494725556127,0.1421501212401646,4.5183119289164155
2023-11-24 20:57:43.163781,27.847231851750717,0.1409940110703306,3.9262929159838036
2023-11-25 20:57:43.163781,27.493785723570646,0.14338396999928293,3.942168147355167
2023-11-26 20:57:43.163781,31.258678665814873,0.14173262504759282,4.430374582825128
2023-11-27 20:57:43.163781,23.767378600866785,0.14279777198406152,3.3939287101054383
2023-11-28 20:57:43.163781,30.861122775495353,0.13937660261013252,4.3013184451827255
2023-11-29 20:57:43.163781,30.961055287899356,0.14065288760878597,4.354761829658317
2023-11-30 20:57:43.163781,30.384496587408094,0.14240622737898134,4.32694152982232
2023-12-01 20:57:43.163781,25.77589368340661,0.13761244939942543,3.547083865232762
2023-12-02 20:57:43.163781,24.51332752620444,0.1422008571357502,3.48581618547565
2023-12-03 20:57:43.163781,26.086422978689072,0.14144500024196116,3.689794104532577
2023-12-04 20:57:43.163781,19.580932782213083,0.1429192490091227,2.7984922081320054
2023-12-05 20:57:43.163781,22.14185044123599,0.1440157148359882,3.1887744190861422
2023-12-06 20:57:43.163781,17.61016084998174,0.14317500688392748,2.521334900923206
2023-12-07 20:57:43.163781,21.994678805959623,0.14225241161756583,3.1287961029015197
2023-12-08 20:57:43.163781,23.428045771826895,0.1395792325874486,3.2700686498552174
2023-12-09 20:57:43.163781,25.82218057257994,0.14407050887160697,3.7202146952661153
2023-12-10 20:57:43.163781,22.231806253890312,0.1386557448567824,3.0825676556448345
2023-12-11 20:57:43.163781,24.528808880111644,0.1440392112667421,3.5331102844039406
2023-12-12 20:57:43.163781,21.14742971617538,0.14214103827381352,3.005917616679666
2023-12-13 20:57:43.163781,21.229726475830933,0.14100893690581787,2.993581161158215
2023-12-14 20:57:43.163781,25.26726320946893,0.1411017482215422,3.565255011629921
2023-12-15 20:57:43.163781,20.50579703931568,0.1413758922762439,2.8990253532688146
2023-12-16 20:57:43.163781,18.65067724290268,0.1444415051323907,2.69393189270329
2023-12-17 20:57:43.163781,21.069315476673655,0.14558701486867737,3.0674187455753414
2023-12-18 20:57:43.163781,17.663525976682823,0.14206348915890624,2.509342131096539
2023-12-19 20:57:43.163781,15.034039398541456,0.14375756273471685,2.1612568619920283
2023-12-20 20:57:43.163781,25.07343095029848,0.1431332744358216,3.5888422732566956
2023-12-21 20:57:43.163781,18.32479079418313,0.14184039146845584,2.599195499824491
2023-12-22 20:57:43.163781,20.77118827509058,0.1465327696665078,3.0436597472135154
2023-12-23 20:57:43.163781,24.8321925416167,0.1433332538712128,3.559278957746383
2023-12-24 20:57:43.163781,21.368675579560183,0.1441148167870646,3.079542766130537
2023-12-25 20:57:43.163781,20.68277396730565,0.14679153522025468,3.036056143274314
2023-12-26 20:57:43.163781,18.913070246040927,0.14540255149079118,2.7500086702989166
2023-12-27 20:57:43.163781,19.932178852230397,0.1419329270972659,2.829032487923282
2023-12-28 20:57:43.163781,24.614937499373827,0.14057602669930283,3.4602701111136454
2023-12-29 20:57:43.163781,19.05442754018627,0.1403581142050067,2.6744435167964897
2023-12-30 20:57:43.163781,29.901490642826552,0.1441227932042876,4.309486352416032
2023-12-31 20:57:43.163781,25.0089103115841,0.1441742302734422,3.605640394150189
2024-01-01 20:57:43.163781,17.812985510035773,0.1458261142375302,2.597598459897947
2024-01-02 20:57:43.163781,25.82856966598363,0.1442989191311677,3.727034685505503
2024-01-03 20:57:43.163781,21.18684651013721,0.1423954749319396,3.0169110711210956
2024-01-04 20:57:43.163781,16.830285794232495,0.14276651343412058,2.4028012229423825
2024-01-05 20:57:43.163781,25.23299488837461,0.13972898749419954,3.5257808271988966
2024-01-06 20:57:43.163781,23.646850121184595,0.14590185643580256,3.450119331540015
2024-01-07 20:57:43.163781,24.28215147992581,0.14459168128749567,3.5109971077601236
2024-01-08 20:57:43.163781,23.351876543003552,0.14418278715850733,3.366938645351621
2024-01-09 20:57:43.163781,28.50637857569057,0.1447158317387181,4.125324285439835
2024-01-10 20:57:43.163781,29.005136292426485,0.14370648510458295,4.168226186563985
2024-01-11 20:57:43.163781,28.300611676034958,0.14403000747729486,4.076137311311333
2024-01-12 20:57:43.163781,28.05621661843639,0.13964312623659433,3.917857798969549
2024-01-13 20:57:43.163781,27.183902876908494,0.1412093921061907,3.8386224003219773
2024-01-14 20:57:43.163781,23.567649048887176,0.14234483437953582,3.35473310057887
2024-01-15 20:57:43.163781,23.006579633616507,0.14432738451971172,3.320479465264338
2024-01-16 20:57:43.163781,29.577574755774926,0.1419456963470782,4.1984094449662335
2024-01-17 20:57:43.163781,31.082557272377755,0.14238972307708644,4.425836722541548
2024-01-18 20:57:43.163781,29.27568106902826,0.14470217524773915,4.2362547325474464
2024-01-19 20:57:43.163781,28.689567056191837,0.1435381356329486,4.118046967362238
2024-01-20 20:57:43.163781,31.69295101873,0.142314425743773,4.5103641243560855
2024-01-21 20:57:43.163781,29.363924334294985,0.1418999021345267,4.1667379893221055
2024-01-22 20:57:43.163781,30.61411009257487,0.1421699765347193,4.352407313492683
2024-01-23 20:57:43.163781,33.6543268096099,0.14022339806094192,4.719124064696958
2024-01-24 20:57:43.163781,32.950227560388925,0.14383380314700733,4.739356544570076
2024-01-25 20:57:43.163781,30.082339808575963,0.13984224409348314,4.206781906413985
2024-01-26 20:57:43.163781,29.025164461503437,0.14753982787322364,4.282367768642225
2024-01-27 20:57:43.163781,29.205051306651196,0.14281397454836142,4.170889453991673
2024-01-28 20:57:43.163781,29.861387175557496,0.14677637361722415,4.382946120808213
2024-01-29 20:57:43.163781,36.86904300164049,0.1471700399010189,5.426018529663813
2024-01-30 20:57:43.163781,32.136552883971326,0.14305429385190752,4.597271879651
2024-01-31 20:57:43.163781,29.307131206147204,0.14540371974820593,4.261365892522528
2024-02-01 20:57:43.163781,33.05374920272423,0.14057182503656476,4.646425849727842
2024-02-02 20:57:43.163781,34.46136709761973,0.14435104051595224,4.974534198143608
2024-02-03 20:57:43.163781,35.54997534071936,0.14540524822283,5.169152988732783
2024-02-04 20:57:43.163781,35.31948073137414,0.1456749610923225,5.145163981343963
2024-02-05 20:57:43.163781,38.30256143252851,0.1459777604582283,5.591322137734221
2024-02-06 20:57:43.163781,37.98829185518854,0.14521373142558652,5.516421610776145
2024-02-07 20:57:43.163781,36.067565592514256,0.14555546728597005,5.249831363685788
2024-02-08 20:57:43.163781,38.21653891178912,0.14600226836094687,5.579701370025604
2024-02-09 20:57:43.163781,39.864518996246126,0.1437875333327027,5.732020853964899
2024-02-10 20:57:43.163781,39.32680848669702,0.1439029773451056,5.659244830716467
2024-02-11 20:57:43.163781,43.35522351298077,0.14222924751941574,6.166380816287335
2024-02-12 20:57:43.163781,37.96643068872466,0.1385406215727403,5.259892906514277
2024-02-13 20:57:43.163781,37.57503744856881,0.14812162576319096,5.565675634994794
2024-02-14 20:57:43.163781,40.4893677093071,0.14447021670882612,5.849507727366944
2024-02-15 20:57:43.163781,31.328490127700967,0.1417307060107457,4.440209024049735
2024-02-16 20:57:43.163781,41.379766194911284,0.14507581033694705,6.003203112280163
2024-02-17 20:57:43.163781,41.1899871230937,0.1419670701857644,5.847621792854976
2024-02-18 20:57:43.163781,35.55717769941911,0.14242918390838952,5.064379801813851
2024-02-19 20:57:43.163781,39.10484671825271,0.14521397598403565,5.6785702722037446
2024-02-20 20:57:43.163781,37.483461224902115,0.14444727189896783,5.414383715267854
2024-02-21 20:57:43.163781,40.52855167842882,0.14573635885596667,5.906483551320092
2024-02-22 20:57:43.163781,41.022472582603896,0.14650924536189724,6.0101715009564165
2024-02-23 20:57:43.163781,40.09743835411772,0.14630197683062246,5.866334497051443
2024-02-24 20:57:43.163781,37.2736857132402,0.14285942135601803,5.324897172799571
2024-02-25 20:57:43.163781,40.88901495124281,0.14494585234817262,5.926693123785062
2024-02-26 20:57:43.163781,39.66011393098601,0.145211939305603,5.75912205699964
2024-02-27 20:57:43.163781,40.149699749512486,0.14186503696430372,5.695838639070285
2024-02-28 20:57:43.163781,41.91201352103058,0.14460927024497663,6.060865689773826
2024-02-29 20:57:43.163781,38.206782966343475,0.14261812984265362,5.44897993396406
2024-03-01 20:57:43.163781,38.18669580480329,0.14545981854618026,5.55462984264487
2024-03-02 20:57:43.163781,38.92837132926318,0.14524071891824264,5.653984638178489
2024-03-03 20:57:43.163781,36.56801915226972,0.14504508721072962,5.304011527064593
2024-03-04 20:57:43.163781,36.079531032034375,0.14554766768745608,5.251291592969799
2024-03-05 20:57:43.163781,41.942033254218956,0.14214850575615598,5.961997355462229
2024-03-06 20:57:43.163781,37.498782777062324,0.14375303321834731,5.39056376619863
2024-03-07 20:57:43.163781,33.75127669064888,0.14645630218065603,4.9430871779886045
2024-03-08 20:57:43.163781,41.1218288798488,0.14566816458726772,5.990141337399274
2024-03-09 20:57:43.163781,39.30491244860893,0.14543946490046514,5.716485434485314
2024-03-10 20:57:43.163781,43.05586083520572,0.14317552405341782,6.164545438651607
2024-03-11 20:57:43.163781,32.43819359085779,0.1425293958413543,4.623396134689853
2024-03-12 20:57:43.163781,37.20266049766305,0.14631826847409915,5.4434288666478245
2024-03-13 20:57:43.163781,32.259754262365654,0.14675507351189584,4.734282608249167
2024-03-14 20:57:43.163781,31.96596481050617,0.14575223622673456,4.6591108542763795
2024-03-15 20:57:43.163781,31.221172511972004,0.1430665659479683,4.466705936156938
2024-03-16 20:57:43.163781,36.825972928345294,0.14509618936503155,5.3433083415627145
2024-03-17 20:57:43.163781,37.791219972161805,0.14363407132366937,5.428106784889967
2024-03-18 20:57:43.163781,34.69303287596395,0.14259410309716375,4.947021906668495
2024-03-19 20:57:43.163781,37.81236506841795,0.14484295308004305,5.47685461945032
2024-03-20 20:57:43.163781,28.250640420966967,0.14281615968259936,4.034647973496514
2024-03-21 20:57:43.163781,36.051442450455255,0.14667746406439075,5.287934154496102
2024-03-22 20:57:43.163781,27.105825966096063,0.1447116253027926,3.9225281307284
2024-03-23 20:57:43.163781,33.26635756953103,0.14504947322078643,4.825267641434797
2024-03-24 20:57:43.163781,31.511518031875095,0.14721556444987885,4.638985913735028
2024-03-25 20:57:43.163781,30.003590700825928,0.14685458843237545,4.4061649638632385
2024-03-26 20:57:43.163781,31.545852165469327,0.1486109525259124,4.6880591385520125
2024-03-27 20:57:43.163781,30.62765617071471,0.14537506008451873,4.452497356065632
2024-03-28 20:57:43.163781,29.92002370552358,0.14282843133509338,4.273430051368741
2024-03-29 20:57:43.163781,24.870337428988556,0.14544165146143176,3.6171829480751545
2024-03-30 20:57:43.163781,26.51228289660219,0.14596678628228638,3.8699127314238484
2024-03-31 20:57:43.163781,24.895084985064653,0.14463191851573137,3.6006239030020786
2024-04-01 20:57:43.163781,29.338131009495136,0.14681824428783102,4.307372885500447
2024-04-02 20:57:43.163781,25.889644131469755,0.14549911029961848,3.7669201871025884
2024-04-03 20:57:43.163781,27.34297556597294,0.14205975106772997,3.8843363023531388
2024-04-04 20:57:43.163781,22.029232830189883,0.14831421617756801,3.2672484002027606
2024-04-05 20:57:43.163781,22.777377646209985,0.1413884486478032,3.220458089662781
2024-04-06 20:57:43.163781,23.346883130314186,0.145541640450127,3.3979436701833228
2024-04-07 20:57:43.163781,26.167471639622125,0.1486812677940616,3.8906128583441695
2024-04-08 20:57:43.163781,25.40323327801526,0.14725558545873293,3.7407679888989045
2024-04-09 20:57:43.163781,20.770875861379324,0.14733960844789673,3.0603727165354995
2024-04-10 20:57:43.163781,23.894614648828885,0.14653278436727463,3.5013444158759643
2024-04-11 20:57:43.163781,17.279143261452482,0.14484604543965587,2.50281557000667
2024-04-12 20:57:43.163781,23.721544477616607,0.14532929914707837,3.447435433618269
2024-04-13 20:57:43.163781,20.654395916309344,0.1434477189597093,2.9628259806853103
2024-04-14 20:57:43.163781,18.73619844672843,0.1472645764229879,2.759178328034506
2024-04-15 20:57:43.163781,17.257071839644528,0.14793327739563122,2.55289519549047
2024-04-16 20:57:43.163781,21.562276027311892,0.1468505925614635,3.1664330115845902
2024-04-17 20:57:43.163781,24.607923990000334,0.14462916265805803,3.5590234414268864
2024-04-18 20:57:43.163781,20.679764747051266,0.14632182909087818,3.025901002957603
2024-04-19 20:57:43.163781,18.30188072538349,0.1467872223570096,2.686482235588335
2024-04-20 20:57:43.163781,24.135481687310108,0.14764214874226314,3.563414377244007
2024-04-21 20:57:43.163781,16.455628779506856,0.1441147918614949,2.371499516508656
2024-04-22 20:57:43.163781,18.344094401771418,0.147052641254481,2.697547533202026
2024-04-23 20:57:43.163781,21.504484997484678,0.14589823741863797,3.137466457728558
2024-04-24 20:57:43.163781,18.720682103384938,0.14790776005689837,2.768934156648931
2024-04-25 20:57:43.163781,21.611970506624207,0.14706766051676518,3.1784219415665502
2024-04-26 20:57:43.163781,19.866546619123564,0.1479457172237605,2.9391704883255096
2024-04-27 20:57:43.163781,18.53112882934625,0.14622671377417135,2.709746071241109
2024-04-28 20:57:43.163781,20.082931171445306,0.14588856557120514,2.9298700210673982
2024-04-29 20:57:43.163781,21.1288851717262,0.14465246031458875,3.056345223794627
2024-04-30 20:57:43.163781,24.59899317169008,0.1438826664040655,3.5393687283981685
2024-05-01 20:57:43.163781,21.132644536850037,0.14793933508824006,3.1263493814377235
2024-05-02 20:57:43.163781,17.083546805524733,0.14660221596978754,2.504485818313511
2024-05-03 20:57:43.163781,23.20131832211571,0.145985690610391,3.38706047832558
2024-05-04 20:57:43.163781,17.519901067355093,0.1460379980149083,2.5585712772957927
2024-05-05 20:57:43.163781,24.369406461830987,0.14688121599576495,3.5794080542087876
2024-05-06 20:57:43.163781,24.88034608978647,0.14639065590195507,3.642250183151485
2024-05-07 20:57:43.163781,27.401247252040204,0.1470331272879412,4.028891075057577
2024-05-08 20:57:43.163781,22.52868349248374,0.14433332913617367,3.2516398895253382
2024-05-09 20:57:43.163781,23.69067768779056,0.14565756662653195,3.450726463737048
2024-05-10 20:57:43.163781,27.6763486418901,0.14563207162953998,4.0305639878598605
2024-05-11 20:57:43.163781,29.22241703268335,0.14504602003320854,4.238595286341364
2024-05-12 20:57:43.163781,25.107427652153092,0.14670714282009698,3.683438974409676
2024-05-13 20:57:43.163781,25.502369404789935,0.14829047813212196,3.7817585525382977
2024-05-14 20:57:43.163781,26.222103560403678,0.15151577668571245,3.973062387287749
2024-05-15 20:57:43.163781,26.253654682172574,0.1460158833492444,3.8334505795634546
2024-05-16 20:57:43.163781,32.4644243687649,0.1465729840406208,4.758407554890919
2024-05-17 20:57:43.163781,26.575094201782544,0.14960998161503214,3.9758993549464337
2024-05-18 20:57:43.163781,28.735854543816885,0.1499697562618669,4.3095091019126786
2024-05-19 20:57:43.163781,24.580069656589107,0.14422788710676646,3.5451315115069892
2024-05-20 20:57:43.163781,24.93126921224837,0.1482326408158819,3.695627874223267
2024-05-21 20:57:43.163781,28.797075639260605,0.14519321791935957,4.181140078731446
2024-05-22 20:57:43.163781,30.679888379809125,0.14771549210875826,4.531894809865279
2024-05-23 20:57:43.163781,30.10175436228095,0.14851778333419713,4.470645832356466
2024-05-24 20:57:43.163781,28.14257313185731,0.1468883732133353,4.133816785375839
2024-05-25 20:57:43.163781,30.784513130690293,0.1479224014919471,4.553719111052087
2024-05-26 20:57:43.163781,30.40096365555267,0.14875474406151853,4.5222875678052645
2024-05-27 20:57:43.163781,34.33758551454904,0.148418069182766,5.096318142467483
2024-05-28 20:57:43.163781,30.998816829417486,0.1475608328397686,4.574211228396279
2024-05-29 20:57:43.163781,35.25826853097223,0.14957394338227367,5.273718261008642
2024-05-30 20:57:43.163781,36.40109899797399,0.14708875003637406,5.3541921515623025
2024-05-31 20:57:43.163781,34.85143877821702,0.145626872491203,5.075306031090379
2024-06-01 20:57:43.163781,36.23450592078084,0.14715076291654694,5.331935190147038
2024-06-02 20:57:43.163781,40.67218728002536,0.151285535479132,6.153113631766178
2024-06-03 20:57:43.163781,31.690785391807687,0.14581242524501895,4.620910275898897
2024-06-04 20:57:43.163781,38.23588845599364,0.14766991129049425,5.646290256409814
2024-06-05 20:57:43.163781,37.81192730104836,0.14819290081277356,5.603459192064064
2024-06-06 20:57:43.163781,34.565931455679674,0.14930725950744494,5.160944497969719
2024-06-07 20:57:43.163781,36.409875613039496,0.14917999266743268,5.4316249769753675
2024-06-08 20:57:43.163781,36.743141995935964,0.14729084770072667,5.411928531769578
2024-06-09 20:57:43.163781,37.46423189941497,0.1499229585171932,5.616748484934496
2024-06-10 20:57:43.163781,37.37504524496851,0.14472261550339274,5.409014302409485
2024-06-11 20:57:43.163781,35.7891676525441,0.1513422956330361,5.416414791331622
2024-06-12 20:57:43.163781,37.54349167154547,0.1484166181026869,5.57207806565717
2024-06-13 20:57:43.163781,33.59606169015811,0.14682754645828872,4.932827308627224
2024-06-14 20:57:43.163781,40.96467443876072,0.1459629967718963,5.979326642866614
2024-06-15 20:57:43.163781,33.16672716265851,0.14699234788876145,4.875255097425134
2024-06-16 20:57:43.163781,37.65541714381845,0.14759550419769177,5.55777027911629
2024-06-17 20:57:43.163781,37.041315278986076,0.14640831884977717,5.423156697980916
2024-06-18 20:57:43.163781,45.21092148564615,0.14872923218939638,6.724185639135236
2024-06-19 20:57:43.163781,45.45258871026765,0.14715488420031597,6.688570428264025
2024-06-20 20:57:43.163781,38.15693769189326,0.14529772452348405,5.544116221416452
2024-06-21 20:57:43.163781,40.31411775571238,0.14398417244780226,5.804594883019498
2024-06-22 20:57:43.163781,35.800444638964315,0.14902496165740908,5.335159889639853
2024-06-23 20:57:43.163781,46.38335540906063,0.14781514122923342,6.856162230476024
2024-06-24 20:57:43.163781,38.92333274015862,0.15018713715823467,5.845783912901809
2024-06-25 20:57:43.163781,39.749043881075096,0.15093313510294437,5.999447810315171
2024-06-26 20:57:43.163781,36.66922921072131,0.14998879470855436,5.499973492207804
2024-06-27 20:57:43.163781,36.07481506155442,0.15039206934019475,5.425366088171994
2024-06-28 20:57:43.163781,38.797748241191115,0.15169222566846874,5.885316781631198
2024-06-29 20:57:43.163781,35.64182871733319,0.1493718426118073,5.323885629562487
2024-06-30 20:57:43.163781,38.475687026102584,0.15069969174865952,5.798274174651557
2024-07-01 20:57:43.163781,40.861592672452,0.1454206297438956,5.94211853876652
2024-07-02 20:57:43.163781,36.63252347704961,0.14885741342630468,5.453022692071986
2024-07-03 20:57:43.163781,42.759516848634114,0.14983182547025467,6.4067364656569605
2024-07-04 20:57:43.163781,33.688728053738515,0.14909379932425892,5.022780459933622
2024-07-05 20:57:43.163781,40.29807756583401,0.1473222851997827,5.936804876156762
2024-07-06 20:57:43.163781,38.46289104433431,0.14732133058236427,5.666404286695833
2024-07-07 20:57:43.163781,39.148236139653484,0.15084002349517062,5.905120859099819
2024-07-08 20:57:43.163781,33.101563334302014,0.14915410384351022,4.937234014947013
2024-07-09 20:57:43.163781,33.65367891208697,0.15182559252648423,5.10948974152365
2024-07-10 20:57:43.163781,34.77577999205015,0.14424485102181625,5.016227204120732
2024-07-11 20:57:43.163781,39.36338859718574,0.15051062200184834,5.92460810186289
2024-07-12 20:57:43.163781,31.364925233778717,0.14872943477305253,4.664887601718961
2024-07-13 20:57:43.163781,34.95957400769403,0.151146836689816,5.2840290232864655
2024-07-14 20:57:43.163781,33.571388651787665,0.14778557005058432,4.961366809294157
2024-07-15 20:57:43.163781,32.88003459299438,0.15029949863851438,4.941852714544064
2024-07-16 20:57:43.163781,36.86871793371484,0.14967167070431137,5.5182026098651065
2024-07-17 20:57:43.163781,28.684917300831778,0.14939128930184392,4.285276779088028
2024-07-18 20:57:43.163781,28.898841806369706,0.14948377863495177,4.319908071389859
2024-07-19 20:57:43.163781,33.55238956091143,0.14804305803997506,4.967198355145864
2024-07-20 20:57:43.163781,33.615912772768056,0.15261397976488073,5.1302582316812195
2024-07-21 20:57:43.163781,28.639773115770726,0.1488213541613022,4.262209817961457
2024-07-22 20:57:43.163781,31.24259065568022,0.1484195375134302,4.637010855837475
2024-07-23 20:57:43.163781,26.95910696953677,0.1498363538973338,4.0394542926435895
2024-07-24 20:57:43.163781,31.399027237129918,0.14868171588615173,4.66846124677249
2024-07-25 20:57:43.163781,30.670229899279928,0.14819226978162273,4.545090983498483
2024-07-26 20:57:43.163781,31.679011021333352,0.14773590596295802,4.680127393247215
2024-07-27 20:57:43.163781,26.735403486668666,0.15086125364454958,4.033336486691697
2024-07-28 20:57:43.163781,24.136729559578082,0.14662112594617718,3.538954464683716
2024-07-29 20:57:43.163781,29.362335955565776,0.15137765246621485,4.44480148787788
2024-07-30 20:57:43.163781,31.0002772566242,0.1472863252470252,4.56591691876711
2024-07-31 20:57:43.163781,23.13991740619493,0.151808109205225,3.5128271085995264
2024-08-01 20:57:43.163781,26.574820596926436,0.1478007429791384,3.9277782287630374
2024-08-02 20:57:43.163781,21.079224261352245,0.1498679182879852,3.1590994591744535
2024-08-03 20:57:43.163781,27.145008159403428,0.14673982216445366,3.983253669963503
2024-08-04 20:57:43.163781,25.81746017255737,0.14796732262785747,3.8201404587846572
2024-08-05 20:57:43.163781,16.92418913467681,0.1520800873367426,2.5738321617051994
2024-08-06 20:57:43.163781,20.734585575961514,0.14941238483442998,3.0980038794579827
2024-08-07 20:57:43.163781,21.249700804731106,0.1486786992635209,3.159377875386414
2024-08-08 20:57:43.163781,27.488794423003498,0.1466937497146455,4.032434329045418
2024-08-09 20:57:43.163781,19.63169266394062,0.1523847161673087,2.991569914478428
2024-08-10 20:57:43.163781,22.243347260936776,0.14801756204328523,3.292406033246048
2024-08-11 20:57:43.163781,21.26848493898676,0.15160805412957373,3.2244736158839284
2024-08-12 20:57:43.163781,15.0,0.1514023060469858,2.2710345907047866
2024-08-13 20:57:43.163781,22.797720785367847,0.15119014870978664,3.4467907957839587
2024-08-14 20:57:43.163781,23.15883047319113,0.1480019503192462,3.4275520771450787
2024-08-15 20:57:43.163781,17.575778224044015,0.1513116625346076,2.659420223419653
2024-08-16 20:57:43.163781,15.45906261785381,0.1508472699795271,2.331957392345809
2024-08-17 20:57:43.163781,19.466243531226485,0.1493162582798103,2.9066266468463002
2024-08-18 20:57:43.163781,19.634660288190652,0.14935549352300218,2.932544377499207
2024-08-19 20:57:43.163781,20.853968103994422,0.152822569391614,3.186956987663193
2024-08-20 20:57:43.163781,21.273155197541186,0.14816197723947258,3.151872736189865
2024-08-21 20:57:43.163781,18.830774449458474,0.1516785816210513,2.8562251593197945
2024-08-22 20:57:43.163781,21.69423515110249,0.1481010279234507,3.2129385258913357
2024-08-23 20:57:43.163781,17.856876808596038,0.14732942964716372,2.6308434754901193
2024-08-24 20:57:43.163781,23.32177476431546,0.14736630754359703,3.436843832380612
2024-08-25 20:57:43.163781,15.0,0.14911068610416778,2.236660291562517
2024-08-26 20:57:43.163781,28.22906449060814,0.14990190209363885,4.231590461466158
2024-08-27 20:57:43.163781,18.812778124859584,0.14926621837110055,2.808112247752354
2024-08-28 20:57:43.163781,24.480025551854805,0.14779890268514534,3.61812091426846
2024-08-29 20:57:43.163781,19.78735742985924,0.14962024896946377,2.9605893451033083
2024-08-30 20:57:43.163781,17.430654250564228,0.14892698189980014,2.595894730075453
2024-08-31 20:57:43.163781,18.943983104107268,0.15042711515953025,2.8496887279817393
2024-09-01 20:57:43.163781,24.20314117884121,0.15137684136378712,3.6637950627347897
2024-09-02 20:57:43.163781,22.786435322611126,0.14793683535815055,3.3709531307202685
2024-09-03 20:57:43.163781,18.11328680501525,0.14919599227872438,2.7024297983033754
2024-09-04 20:57:43.163781,28.321978794420644,0.14978221815308138,4.2421288063128575
2024-09-05 20:57:43.163781,20.11518295509233,0.14936813459573078,3.0045673550539806
2024-09-06 20:57:43.163781,22.89603821171274,0.15314635666142803,3.506444834104644
2024-09-07 20:57:43.163781,22.3539782104521,0.1499456822504098,3.351882513777035
2024-09-08 20:57:43.163781,24.2639121780087,0.15233003462132566,3.6961225821248704
2024-09-09 20:57:43.163781,23.45150953932356,0.15187094856699487,3.561602999064998
2024-09-10 20:57:43.163781,26.041906471989694,0.1486301775927865,3.8706131837865643
2024-09-11 20:57:43.163781,26.36801419100991,0.15121093177098607,3.987131994773192
2024-09-12 20:57:43.163781,22.400792282673237,0.15010334594635769,3.3624338734786003
2024-09-13 20:57:43.163781,24.789746215096283,0.15463304825325713,3.833314022664982
2024-09-14 20:57:43.163781,25.299918329785598,0.1505509330129394,3.808926309700389
2024-09-15 20:57:43.163781,24.91642288935426,0.15404728970507411,3.8383074152504952
2024-09-16 20:57:43.163781,30.785365362627374,0.15197869576126938,4.678719676346266
2024-09-17 20:57:43.163781,23.051250403918324,0.1527568587412695,3.5212366017609833
2024-09-18 20:57:43.163781,23.595887946474974,0.14979411647466276,3.5345251873773633
2024-09-19 20:57:43.163781,31.285987554003075,0.14964002498350348,4.681635959214599
2024-09-20 20:57:43.163781,27.132997592684134,0.14742754190258,4.000151139538042
2024-09-21 20:57:43.163781,31.694291649648736,0.15126269329749506,4.794163917082176
2024-09-22 20:57:43.163781,29.38015561505692,0.15088220585815995,4.4329426876557925
2024-09-23 20:57:43.163781,30.446928302903046,0.15370886458788932,4.6799627796281
2024-09-24 20:57:43.163781,32.239752448396935,0.15124910432084956,4.876233681345953
2024-09-25 20:57:43.163781,31.23846065560529,0.15108175661528114,4.719561509806194
2024-09-26 20:57:43.163781,33.17493222506726,0.15274689481910617,5.067367883213325
2024-09-27 20:57:43.163781,36.30252648826938,0.15006586956090273,5.447770204719849
2024-09-28 20:57:43.163781,33.69702010247207,0.15260381901027692,5.14229395690331
2024-09-29 20:57:43.163781,31.705819195937796,0.1501766762395552,4.761474544298224
2024-09-30 20:57:43.163781,33.6285175544713,0.1513216644518002,5.088723249389179
2024-10-01 20:57:43.163781,35.84565679631717,0.1489465113546563,5.339085527027769
2024-10-02 20:57:43.163781,30.828835256594132,0.1450275064029499,4.471029102571193
2024-10-03 20:57:43.163781,38.75188606563731,0.1503318002361277,5.825640794792568
2024-10-04 20:57:43.163781,34.287081942055636,0.15093860748324467,5.175244402997782
2024-10-05 20:57:43.163781,34.0614668990004,0.15048185109879628,5.125632590101956
2024-10-06 20:57:43.163781,35.341295101166885,0.15111127414471426,5.340468132661676
2024-10-07 20:57:43.163781,32.852896724868145,0.1532468831973567,5.03460402709069
2024-10-08 20:57:43.163781,39.46261661486768,0.1537350872761404,6.066788809431551
2024-10-09 20:57:43.163781,34.79054977359845,0.1518986295256457,5.284636831053368
2024-10-10 20:57:43.163781,40.6393427051277,0.15186621547532256,6.171743176032401
2024-10-11 20:57:43.163781,43.9224693466501,0.15094601628736437,6.629921773380707
2024-10-12 20:57:43.163781,39.083464671282314,0.1521597017557188,5.946928327962489
2024-10-13 20:57:43.163781,43.80522024643928,0.1527602948043929,6.691698358817426
2024-10-14 20:57:43.163781,39.784994933804555,0.15103997344284087,6.009124578225398
2024-10-15 20:57:43.163781,40.84401750750469,0.15231049486132828,6.220972518692795
2024-10-16 20:57:43.163781,45.0604784069188,0.152533224917528,6.873220087733959
2024-10-17 20:57:43.163781,38.64697981595354,0.14867828212253428,5.745966568260229
2024-10-18 20:57:43.163781,36.08304356860625,0.14992368346195775,5.4097028023237534
2024-10-19 20:57:43.163781,35.73398031785349,0.15241539073340227,5.446408572605345
2024-10-20 20:57:43.163781,36.61710056467615,0.1555844025574134,5.6970497147398635
2024-10-21 20:57:43.163781,42.66954926545011,0.15042118035505045,6.418403965726981
2024-10-22 20:57:43.163781,40.828295831750694,0.15295919346781317,6.245063201089865
2024-10-23 20:57:43.163781,39.233516804994274,0.15212358861127057,5.968343370216319
2024-10-24 20:57:43.163781,38.05846333836603,0.15319099447058135,5.830213846826454
2024-10-25 20:57:43.163781,39.3546471894811,0.15311144409212668,6.025646862917606
2024-10-26 20:57:43.163781,41.642790436308005,0.15396641680930193,6.4115912294190105
2024-10-27 20:57:43.163781,43.27133361131623,0.14857871168165085,6.429199000716282
2024-10-28 20:57:43.163781,39.21938619081207,0.15707668927424245,6.160451338220702
2024-10-29 20:57:43.163781,43.1227749741075,0.15691173472802372,6.7664694274734165
2024-10-30 20:57:43.163781,36.98798094259133,0.15107419172510056,5.587929324445408
2024-10-31 20:57:43.163781,38.064201896751015,0.1513836206016863,5.762296698443744
2024-11-01 20:57:43.163781,38.10160253523151,0.15012759927359304,5.720102117090952
2024-11-02 20:57:43.163781,34.89676801750609,0.15096066198557168,5.268039201079645
2024-11-03 20:57:43.163781,36.578552622034785,0.15138667271681416,5.537505374246744
2024-11-04 20:57:43.163781,45.379460821187045,0.15312156366802535,6.948573999352054
2024-11-05 20:57:43.163781,35.176164049159055,0.14968055231479344,5.265187663193908
2024-11-06 20:57:43.163781,32.33640136998798,0.15431479675342813,4.98998520514697
2024-11-07 20:57:43.163781,40.581223898263765,0.15199556898091923,6.168166216358678
2024-11-08 20:57:43.163781,38.693649196216846,0.1500753052124518,5.806961212905783
2024-11-09 20:57:43.163781,38.77745459742727,0.14822113306125503,5.747638257662044
2024-11-10 20:57:43.163781,35.348853340988136,0.151406311850841,5.352039512515292
2024-11-11 20:57:43.163781,37.139480562633175,0.1541055354406038,5.723399538090482
2024-11-12 20:57:43.163781,38.02952819385888,0.1516195353004411,5.766019392447906
2024-11-13 20:57:43.163781,33.509814190803475,0.1520985927564002,5.0967955819496575
2024-11-14 20:57:43.163781,35.06812247010328,0.1526932626419706,5.354666034688272
2024-11-15 20:57:43.163781,30.172602855293704,0.15055185754756703,4.542541406909492
2024-11-16 20:57:43.163781,33.42278410107166,0.15021551705022523,5.020620795000527
2024-11-17 20:57:43.163781,29.81197215936309,0.15301459583906674,4.561666871130453
2024-11-18 20:57:43.163781,29.45422925206715,0.1550252502163959,4.566149259732797
2024-11-19 20:57:43.163781,28.444849049901244,0.15431960533821948,4.389597879285987
2024-11-20 20:57:43.163781,30.515018734369235,0.15634981741370158,4.771017607494313
2024-11-21 20:57:43.163781,33.93548387761362,0.15422523377525071,5.233707934301212
2024-11-22 20:57:43.163781,34.6204020990872,0.15342915475737798,5.311779031423503
2024-11-23 20:57:43.163781,29.057138433591753,0.1522648022217857,4.424379436721896
2024-11-24 20:57:43.163781,27.10455689225555,0.15168578490773643,4.111375986778181
2024-11-25 20:57:43.163781,30.085602707686263,0.15251924861805344,4.5886335191975824
2024-11-26 20:57:43.163781,33.037487795707364,0.15315140021054147,5.059737515351258
2024-11-27 20:57:43.163781,27.625614026136677,0.1515132521231279,4.185646622998265
2024-11-28 20:57:43.163781,22.921175184368103,0.1531934201230492,3.5113732197329126
2024-11-29 20:57:43.163781,25.026383423570877,0.15250541221427205,3.8166589202441017
2024-11-30 20:57:43.163781,29.859107001280854,0.15614425485484065,4.662328013345954
2024-12-01 20:57:43.163781,21.06617489532238,0.15343459583806413,3.2322800309177624
2024-12-02 20:57:43.163781,24.275930207529775,0.15139651500322518,3.675291231881529
2024-12-03 20:57:43.163781,22.396592994157114,0.15155184832600985,3.3942450644698736
2024-12-04 20:57:43.163781,24.827742480629823,0.1524317949925814,3.784537351935969
2024-12-05 20:57:43.163781,23.75397863622461,0.15558424139969523,3.695744746341573
2024-12-06 20:57:43.163781,22.58327443624857,0.15451250956605259,3.4893984073636477
2024-12-07 20:57:43.163781,21.343614490653547,0.15256092739807706,3.256201620721141
2024-12-08 20:57:43.163781,21.041053137178974,0.14741596081538744,3.1017870647848604
2024-12-09 20:57:43.163781,21.96920696405889,0.1545918420524529,3.3962601730054405
2024-12-10 20:57:43.163781,15.0,0.1565907218299482,2.348860827449223
2024-12-11 20:57:43.163781,15.325502706547582,0.15121916609531655,2.317509739275642
2024-12-12 20:57:43.163781,22.32560088854037,0.1540597870098612,3.4394773177556974
2024-12-13 20:57:43.163781,21.810762183859318,0.1521831529954799,3.31923055837429
2024-12-14 20:57:43.163781,19.21829589532591,0.15558585434193806,2.990094985870443
2024-12-15 20:57:43.163781,24.72028686876724,0.15506469922159788,3.8332438479770077
2024-12-16 20:57:43.163781,17.791864771991683,0.15306739410922748,2.723354376992532
2024-12-17 20:57:43.163781,24.507559403158478,0.14983778671764353,3.672158458820439
2024-12-18 20:57:43.163781,17.12220431176317,0.15184807908274708,2.599973834403567
2024-12-19 20:57:43.163781,21.566193589833027,0.14892441225457084,3.211732704934177
2024-12-20 20:57:43.163781,17.206617756249752,0.15281994585704747,2.629514393892999
2024-12-21 20:57:43.163781,17.44384930258517,0.1536507380468388,2.6802603197200456
2024-12-22 20:57:43.163781,24.800223378659368,0.1551520031066158,3.847804334690524
2024-12-23 20:57:43.163781,19.80236298909169,0.15398531174050056,3.0492730380738347
2024-12-24 20:57:43.163781,20.304639170165526,0.15294019582423263,3.1053954908255
2024-12-25 20:57:43.163781,16.54821595346791,0.15639437193532169,2.5880478406926843
2024-12-26 20:57:43.163781,22.75015706540553,0.15750594670450854,3.583285026262962
2024-12-27 20:57:43.163781,24.043369732315448,0.15359721385670455,3.692994602610273
2024-12-28 20:57:43.163781,22.55733068758903,0.1555626775693888,3.5090787605794915
2024-12-29 20:57:43.163781,20.14077657700985,0.15400996849757304,3.101880366141944
2024-12-30 20:57:43.163781,19.656892087061554,0.15238834278099928,2.9954812093722483
2024-12-31 20:57:43.163781,18.661613867124473,0.15246002527087602,2.8451501217771273
2025-01-01 20:57:43.163781,19.641607067919672,0.15290334402510147,3.003267402711986
2025-01-02 20:57:43.163781,20.44566000755974,0.1519616809328511,3.1069568625303474
2025-01-03 20:57:43.163781,18.863467248034766,0.15230954660327406,2.873086143913885
2025-01-04 20:57:43.163781,17.685301320041727,0.15493907113107994,2.740144159200527
2025-01-05 20:57:43.163781,24.515411756409765,0.15448786252188418,3.787333561091615
2025-01-06 20:57:43.163781,25.898768314671287,0.14884822333169032,3.8549856501178965
2025-01-07 20:57:43.163781,23.73679616457214,0.15115473984116373,3.587929248918635
2025-01-08 20:57:43.163781,19.318244922734408,0.15553817223921212,3.0047245061515495
2025-01-09 20:57:43.163781,30.76346085580756,0.1526422591528224,4.695804164389885
2025-01-10 20:57:43.163781,30.27097751532049,0.1563153134742451,4.731817339479147
2025-01-11 20:57:43.163781,23.39785668379433,0.1564778428407391,3.661246140976906
2025-01-12 20:57:43.163781,24.63671107784667,0.15450365596786855,3.806461932551398
2025-01-13 20:57:43.163781,28.047735349425366,0.15223899454117917,4.269959028753607
2025-01-14 20:57:43.163781,20.330365950800363,0.15314965665944127,3.113588565125871
2025-01-15 20:57:43.163781,32.30440063984191,0.15555351598490205,5.025063101312329
2025-01-16 20:57:43.163781,25.80775802004828,0.15628331512806745,4.033321979396115
2025-01-17 20:57:43.163781,33.48804539887095,0.15211967707924867,5.094190652091468
2025-01-18 20:57:43.163781,25.48345842708495,0.15390146401616467,3.921941560123443
2025-01-19 20:57:43.163781,33.34445409983566,0.15770147516853633,5.258469600233632
2025-01-20 20:57:43.163781,26.900103242750195,0.15489839001294303,4.166782683483953
2025-01-21 20:57:43.163781,30.433392734036875,0.15276918881272145,4.649284720797785
2025-01-22 20:57:43.163781,31.171409713990045,0.15380012575322577,4.794166733916992
2025-01-23 20:57:43.163781,30.093679528402365,0.15123098935759804,4.551096928490784
2025-01-24 20:57:43.163781,34.427015370747206,0.15184758747727964,5.227659228091187
2025-01-25 20:57:43.163781,34.035400822934236,0.156636168612111,5.331174782081908
2025-01-26 20:57:43.163781,31.847372058783375,0.15413778756568147,4.908883468921972
2025-01-27 20:57:43.163781,28.92871961392338,0.15387306050522792,4.451350623492006
2025-01-28 20:57:43.163781,34.72298449548662,0.1553985167178184,5.3959002866144266
2025-01-29 20:57:43.163781,33.02982631434607,0.15366054600592588,5.075381145943315
2025-01-30 20:57:43.163781,31.89474089299329,0.15346351951298087,4.894679191393345
2025-01-31 20:57:43.163781,36.83627955982778,0.15630298051863864,5.757620286418888
2025-02-01 20:57:43.163781,36.13836275619921,0.15323343836670156,5.537605582075554
2025-02-02 20:57:43.163781,30.208545425509044,0.15940604601394895,4.815424782113162
2025-02-03 20:57:43.163781,34.39805510509577,0.1562899922525136,5.376071765876954
2025-02-04 20:57:43.163781,41.967315263295326,0.1527920013074047,6.412270088577684
2025-02-05 20:57:43.163781,38.34232846064934,0.15529936362340852,5.954539209778547
2025-02-06 20:57:43.163781,39.89156755387679,0.15753506041728144,6.284320504740044
2025-02-07 20:57:43.163781,42.386806097610304,0.15243774283506586,6.461349047507321
2025-02-08 20:57:43.163781,39.462766393768696,0.15484097666102523,6.11045329015703
2025-02-09 20:57:43.163781,39.574438621993906,0.15383707952283426,6.0880160613632
2025-02-10 20:57:43.163781,40.336758048855145,0.15831692858603924,6.385991643412944
2025-02-11 20:57:43.163781,39.34284179502913,0.15597982195351973,6.136689458334138
2025-02-12 20:57:43.163781,39.532064959019,0.15816677279004496,6.252659136294456
2025-02-13 20:57:43.163781,38.74175275147977,0.15437432741299914,5.980732023810399
2025-02-14 20:57:43.163781,36.759806016878585,0.15674667605646062,5.761977405625999
2025-02-15 20:57:43.163781,44.17443190015011,0.1540051321590985,6.803089222835714
2025-02-16 20:57:43.163781,41.015705154294906,0.1593535767942468,6.535999321075118
2025-02-17 20:57:43.163781,42.165090033075145,0.15401418618966925,6.494022027058203
2025-02-18 20:57:43.163781,38.030533811800815,0.15949377524680958,6.0656334122955515
2025-02-19 20:57:43.163781,37.50467090143767,0.15688788722188518,5.884028578678672
2025-02-20 20:57:43.163781,41.51682539182142,0.15766941127963618,6.545933417727934
2025-02-21 20:57:43.163781,35.29079088836215,0.15601831562262247,5.5060097513924555
2025-02-22 20:57:43.163781,38.51378222595256,0.15602679946277187,6.009182175921568
2025-02-23 20:57:43.163781,33.663848658163054,0.15326598463948238,5.159522911347878
2025-02-24 20:57:43.163781,42.40427006576899,0.1541510635867263,6.5366633312570706
2025-02-25 20:57:43.163781,41.96604077317469,0.15406250018924145,6.4653931645589395
2025-02-26 20:57:43.163781,42.28800004444527,0.1568190930538055,6.631565814029194
2025-02-27 20:57:43.163781,41.57696916901787,0.15397180229006957,6.401680876712338
2025-02-28 20:57:43.163781,38.69905711951541,0.1587933749878189,6.1451538888542325
2025-03-01 20:57:43.163781,34.511072190318544,0.15469111457632725,5.338556222344467
2025-03-02 20:57:43.163781,35.64730752479934,0.15874868265639328,5.65896310980923
2025-03-03 20:57:43.163781,35.83130419689916,0.15336083163023967,5.495118610032552
2025-03-04 20:57:43.163781,39.096227637465326,0.15353374028046868,6.002590060036683
2025-03-05 20:57:43.163781,40.74315985085802,0.15196452457877613,6.191514916572719
2025-03-06 20:57:43.163781,39.869415497157675,0.1573112199165889,6.271906389219228
2025-03-07 20:57:43.163781,39.660947569499,0.1534954707337447,6.087775816926617
2025-03-08 20:57:43.163781,35.731091168036606,0.1586063761709549,5.667178886796298
2025-03-09 20:57:43.163781,33.676134876866165,0.15231755924434126,5.129466669227489
2025-03-10 20:57:43.163781,37.67756091670161,0.15742442471778606,5.9313683520810905
2025-03-11 20:57:43.163781,34.36660383318009,0.15406957687124814,5.2948481110798715
2025-03-12 20:57:43.163781,34.757434698353364,0.15865178772253818,5.514329151543141
2025-03-13 20:57:43.163781,35.2622912668333,0.15573565352372243,5.491595975184135
2025-03-14 20:57:43.163781,35.19458864165415,0.15565786524846692,5.478314536257826
2025-03-15 20:57:43.163781,35.51513673308965,0.15659598745846923,5.561527906440726
2025-03-16 20:57:43.163781,35.988081810400594,0.15780287478434146,5.679022767655281
2025-03-17 20:57:43.163781,36.0586984940684,0.15511423923528955,5.593217584722101
2025-03-18 20:57:43.163781,39.47577413970303,0.15749580704448005,6.217268906838143
2025-03-19 20:57:43.163781,36.81397239967921,0.15933881826113525,5.865894857662934
2025-03-20 20:57:43.163781,35.73969302655338,0.15627380349794673,5.58517776510854
2025-03-21 20:57:43.163781,30.09090132080461,0.15903614106227704,4.78554082714654
2025-03-22 20:57:43.163781,31.291268880090776,0.15699748757448304,4.91265059719186
2025-03-23 20:57:43.163781,29.00679200432779,0.1584766430372398,4.596899022125316
2025-03-24 20:57:43.163781,23.12305195636537,0.15317530037263877,3.541880428948398
2025-03-25 20:57:43.163781,28.60870951905294,0.1568411220851767,4.487022102377139
2025-03-26 20:57:43.163781,24.711108992027075,0.15571052372625493,3.8477797230051034
2025-03-27 20:57:43.163781,31.565253350254434,0.1564416553579318,4.938120485906307
2025-03-28 20:57:43.163781,30.005907006378877,0.15767620099945068,4.731217424308621
2025-03-29 20:57:43.163781,28.309530382956115,0.15819735288551445,4.478492768015702
2025-03-30 20:57:43.163781,25.6363441654731,0.1571174723624733,4.027917595893574
2025-03-31 20:57:43.163781,21.38576328069553,0.15937492496489702,3.4083544181779004
2025-04-01 20:57:43.163781,26.037916019169817,0.1600565301848191,4.167538491272039
2025-04-02 20:57:43.163781,28.554890278899673,0.15553220380650282,4.4412050145301505
2025-04-03 20:57:43.163781,28.60534028822496,0.1580791974241235,4.521909234806547
2025-04-04 20:57:43.163781,21.234930974113205,0.16110540686210353,3.4210621942731922
2025-04-05 20:57:43.163781,24.211896516638355,0.1512285464974933,3.6615299181589394
2025-04-06 20:57:43.163781,26.150394218879,0.15662329118179033,4.095760808262092
2025-04-07 20:57:43.163781,24.69442427128491,0.1584576872036331,3.9130213568530694
2025-04-08 20:57:43.163781,21.181386088854893,0.15518534600541264,3.2870407290731807
2025-04-09 20:57:43.163781,21.93756308800332,0.15608573053976352,3.4241405608531483
2025-04-10 20:57:43.163781,22.399604164143124,0.1570269040989418,3.5173404949371596
2025-04-11 20:57:43.163781,20.018672886249448,0.15838905999180386,3.170738780736461
2025-04-12 20:57:43.163781,22.700131749968424,0.15553235419060052,3.5306049315093855
2025-04-13 20:57:43.163781,21.559627513394886,0.15439806582129784,3.3287647878958073
2025-04-14 20:57:43.163781,24.76704422169591,0.15629025379502828,3.8708476271615426
2025-04-15 20:57:43.163781,20.689208278411662,0.15594858345010057,3.226452723722393
2025-04-16 20:57:43.163781,15.0,0.15264976417367593,2.289746462605139
2025-04-17 20:57:43.163781,21.66147271803527,0.15810364602819502,3.4247578150616516
2025-04-18 20:57:43.163781,16.33917737416286,0.15606648635505974,2.5499980027176883
2025-04-19 20:57:43.163781,27.214354665597725,0.15816008237935814,4.304224575812006
2025-04-20 20:57:43.163781,19.963167487676337,0.15547050954924502,3.1036838215259617
2025-04-21 20:57:43.163781,25.09654643983459,0.15557824729506167,3.9044767082685854
2025-04-22 20:57:43.163781,17.41361959911655,0.1587201326276546,2.7638920122993045
2025-04-23 20:57:43.163781,17.557356518111792,0.15806145336575114,2.7751412885133937
2025-04-24 20:57:43.163781,20.679006687868288,0.15840413379249774,3.275640142081044
2025-04-25 20:57:43.163781,20.771644496010847,0.1574220972915224,3.269915840755935
2025-04-26 20:57:43.163781,21.083496223131167,0.15772259033830716,3.325343637700163
2025-04-27 20:57:43.163781,23.3919106837299,0.1611387509116437,3.7693432690129693
2025-04-28 20:57:43.163781,25.96963302915834,0.15625147639073148,4.057793502131495
2025-04-29 20:57:43.163781,27.579571631373025,0.1576263307903834,4.3472666810238785
2025-04-30 20:57:43.163781,25.343661004828277,0.16042342531226206,4.065716908347357
2025-05-01 20:57:43.163781,18.543653293589873,0.15782981969772558,2.9267414558644247
2025-05-02 20:57:43.163781,17.962005919304357,0.15779183143544684,2.8342578102613714
2025-05-03 20:57:43.163781,19.892772434764176,0.15931313663179011,3.169179972884693
2025-05-04 20:57:43.163781,20.32788910947362,0.15588620793581864,3.168837548615668
2025-05-05 20:57:43.163781,21.79593721892354,0.15443137379803662,3.3659765279341203
2025-05-06 20:57:43.163781,20.879312133090064,0.15647853039896903,3.2671640783272964
2025-05-07 20:57:43.163781,24.398539701043862,0.15783233455046383,3.850878480637929
2025-05-08 20:57:43.163781,21.91731081334025,0.15668819823208624,3.4341839414349047
2025-05-09 20:57:43.163781,24.068907362429822,0.16169941883549627,3.8919283325103
2025-05-10 20:57:43.163781,23.75918423818361,0.15899678769651032,3.777633972160754
2025-05-11 20:57:43.163781,27.656204293424764,0.16066476137812985,4.4433774634279
2025-05-12 20:57:43.163781,27.114213350992436,0.15633462488187724,4.23889037319459
2025-05-13 20:57:43.163781,22.537890398745382,0.15509473175083932,3.4955080656232322
2025-05-14 20:57:43.163781,25.806445632565808,0.1572859247335459,4.058990665404091
2025-05-15 20:57:43.163781,21.19531951329685,0.16209600548944997,3.4356766281780127
2025-05-16 20:57:43.163781,26.73092075074407,0.15656481739231917,4.1851217260688
2025-05-17 20:57:43.163781,30.690453616385774,0.15709664711514468,4.821367361577072
2025-05-18 20:57:43.163781,32.280081109088016,0.15955257144990917,5.150369947566629
2025-05-19 20:57:43.163781,31.043855340209156,0.16113032724925194,5.0021065700463385
2025-05-20 20:57:43.163781,33.56502828023242,0.16153663324300158,5.42198166309488
2025-05-21 20:57:43.163781,34.11060265600945,0.1562548782400601,5.329948064709827
2025-05-22 20:57:43.163781,34.55330767307324,0.16052384488818147,5.54662980128602
2025-05-23 20:57:43.163781,29.444359009874347,0.16064242194473233,4.730013143956416
2025-05-24 20:57:43.163781,33.64122765777626,0.1561440267518478,5.2528767513608186
2025-05-25 20:57:43.163781,31.20503021253988,0.15470129411724054,4.8274585568475095
2025-05-26 20:57:43.163781,32.19003984782869,0.15640690941840876,5.034744646654311
2025-05-27 20:57:43.163781,32.249279989160435,0.15714049856344872,5.067667935808921
2025-05-28 20:57:43.163781,36.95273407259618,0.15242875780752305,5.632659352277567
2025-05-29 20:57:43.163781,33.749732382324204,0.15937701401257132,5.378931570818216
2025-05-30 20:57:43.163781,31.885149645615815,0.1574872151538689,5.021503422452405
2025-05-31 20:57:43.163781,34.64797808996135,0.16191027732500235,5.609863741296247
2025-06-01 20:57:43.163781,34.906779499829426,0.1582127372053339,5.52269713169105
2025-06-02 20:57:43.163781,36.52859146600334,0.15919289621176597,5.81509227000947
2025-06-03 20:57:43.163781,40.323267019398756,0.16009794221960616,6.455672073377452
2025-06-04 20:57:43.163781,36.967778779767976,0.1589324838870896,5.875380905256967
2025-06-05 20:57:43.163781,36.52683569400783,0.1604010347603399,5.858942241839774
2025-06-06 20:57:43.163781,38.33859654013986,0.1589360937832461,6.0933867752217035
2025-06-07 20:57:43.163781,41.203133676265345,0.15759825126267565,6.493541813921679
2025-06-08 20:57:43.163781,40.02387608160574,0.1601050814011827,6.408025938036337
2025-06-09 20:57:43.163781,33.94983014832376,0.15776951328650313,5.35624817866049
2025-06-10 20:57:43.163781,37.97026150081186,0.15923237098757315,6.04609476579244
2025-06-11 20:57:43.163781,34.606442583294054,0.15447713855877726,5.345904225965885
2025-06-12 20:57:43.163781,36.638294830509096,0.1618828946492827,5.931113222176664
2025-06-13 20:57:43.163781,39.3477045956929,0.15982064028251564,6.2885753421309225
2025-06-14 20:57:43.163781,39.261590344006976,0.1603860820840935,6.2970126516659555
2025-06-15 20:57:43.163781,36.26571655695508,0.16102932476159257,5.839843849161784
2025-06-16 20:57:43.163781,35.017084711961694,0.1585078169340547,5.5504816530879095
2025-06-17 20:57:43.163781,44.47384339760994,0.15659028760080068,6.964171928344711
2025-06-18 20:57:43.163781,34.41339626429702,0.1634761538432208,5.62576966196994
2025-06-19 20:57:43.163781,37.476202498307856,0.16042151877088204,6.01198932254367
2025-06-20 20:57:43.163781,39.60916655348737,0.1574747331877804,6.23744293480078
2025-06-21 20:57:43.163781,38.981120543827565,0.1592127400913281,6.206291013613148
2025-06-22 20:57:43.163781,39.8294548137316,0.1599141552090203,6.369293618973736
2025-06-23 20:57:43.163781,42.15093502523555,0.15849620456010888,6.680763220159592
2025-06-24 20:57:43.163781,39.61195338728241,0.15812760482592958,6.263743311607336
2025-06-25 20:57:43.163781,35.60544270584391,0.1593152591902133,5.672490333263813
2025-06-26 20:57:43.163781,42.26384678242242,0.1588840607646989,6.715051600328328
2025-06-27 20:57:43.163781,39.82794821494957,0.15726720841378575,6.263630232613941
2025-06-28 20:57:43.163781,39.1896459897083,0.15813537914549958,6.1972695271604294
2025-06-29 20:57:43.163781,39.5994195299039,0.16032517198122292,6.34878374648844
2025-06-30 20:57:43.163781,34.960562629212646,0.1587244050127761,5.549094502233673
2025-07-01 20:57:43.163781,46.82404204502647,0.16051152066055832,7.515798192121117
2025-07-02 20:57:43.163781,41.884880944898256,0.15867035709231925,6.645889016296285
2025-07-03 20:57:43.163781,36.497518504621276,0.15756797010158669,5.750839904518272
2025-07-04 20:57:43.163781,35.582284349061744,0.1623070173467693,5.775254443080843
2025-07-05 20:57:43.163781,38.45375092075174,0.1617417832275806,6.219578245711605
2025-07-06 20:57:43.163781,42.438119577781315,0.16333520520612735,6.9316389697990815
2025-07-07 20:57:43.163781,34.059936920729776,0.16046701487935908,5.465496404648777
2025-07-08 20:57:43.163781,36.34973401887687,0.1549023873909951,5.630660580551699
2025-07-09 20:57:43.163781,39.92984623983066,0.15878168922441127,6.340128436431319
2025-07-10 20:57:43.163781,35.99917840253509,0.16213622635399724,5.836770938031358
2025-07-11 20:57:43.163781,33.30363072519109,0.159492824356105,5.3116901256734845
2025-07-12 20:57:43.163781,34.15518302823271,0.1585289674935922,5.414585900020396
2025-07-13 20:57:43.163781,32.47788759216062,0.15771923638347424,5.122387630383885
2025-07-14 20:57:43.163781,36.86791829209872,0.16128307877713646,5.946171370253588
2025-07-15 20:57:43.163781,29.43390261298093,0.16072297731259594,4.730704461887292
2025-07-16 20:57:43.163781,33.049366124856064,0.1601033216070799,5.2913132935979625
2025-07-17 20:57:43.163781,33.1012009672335,0.1591474301138139,5.267971067616103
2025-07-18 20:57:43.163781,34.485338228813745,0.15891825563077458,5.480349796160346
2025-07-19 20:57:43.163781,33.26048109393406,0.15431134848395064,5.132469688829911
2025-07-20 20:57:43.163781,28.06561617106492,0.15680911553263702,4.400944448663165
2025-07-21 20:57:43.163781,31.031774525519335,0.16092372039152625,4.993748606997561
2025-07-22 20:57:43.163781,33.45749295936988,0.1597586237402385,5.3451230289876515
2025-07-23 20:57:43.163781,28.02180975659222,0.15989771684700646,4.4806234020002655
2025-07-24 20:57:43.163781,28.034595024018444,0.15921082050256322,4.463410876231053
2025-07-25 20:57:43.163781,26.642184577566965,0.1634786712984674,4.355428935229168
2025-07-26 20:57:43.163781,30.5504017106386,0.1604090946955202,4.90056228098801
2025-07-27 20:57:43.163781,22.672255365178735,0.15872734364840574,3.598706868633136
2025-07-28 20:57:43.163781,24.78375188156403,0.15874222438538219,3.934227902294875
2025-07-29 20:57:43.163781,22.88874074713972,0.1594236810030004,3.64900730343238
2025-07-30 20:57:43.163781,19.95514685012587,0.1601835182364472,3.1964856293781194
2025-07-31 20:57:43.163781,25.15194111024066,0.16136430457241246,4.058625485900256
2025-08-01 20:57:43.163781,27.443048012935407,0.1585621953646225,4.351429940427779
2025-08-02 20:57:43.163781,25.75796216050105,0.16066126998513083,4.138306912935043
2025-08-03 20:57:43.163781,27.515358351313747,0.15915940284382288,4.379328004228891
2025-08-04 20:57:43.163781,28.46889767212089,0.16394269221620628,4.667267728795186
2025-08-05 20:57:43.163781,24.7721904050274,0.15947647732332693,3.950581661376489
2025-08-06 20:57:43.163781,26.334977621048026,0.16074509931611186,4.233218593182948
2025-08-07 20:57:43.163781,24.115730497146416,0.16006042972802473,3.8599741865784867
2025-08-08 20:57:43.163781,20.15972522964913,0.15883028151067655,3.2019748334030598
2025-08-09 20:57:43.163781,16.8044078316725,0.1589070543157033,2.6703389480508117
2025-08-10 20:57:43.163781,17.422144377629976,0.156342048175091,2.7238137356008165
2025-08-11 20:57:43.163781,23.774342158712745,0.16020642006259636,3.808802246590628
2025-08-12 20:57:43.163781,21.65427132895098,0.1600807825930633,3.466432700821006
2025-08-13 20:57:43.163781,23.36317356514984,0.16059898714370344,3.752102011025611
2025-08-14 20:57:43.163781,21.272997022408717,0.15961646702053378,3.3955206276552143
2025-08-15 20:57:43.163781,16.550947539254814,0.15702630498200643,2.5989341360402154
2025-08-16 20:57:43.163781,23.48278329477009,0.1597254163044559,3.7507973377444754
2025-08-17 20:57:43.163781,23.480111069354557,0.16191523253559065,3.801787643756039
2025-08-18 20:57:43.163781,16.68176671145212,0.16035211027922305,2.6749564953670424
2025-08-19 20:57:43.163781,20.545844551981627,0.16193622345751332,3.3271164744930295
2025-08-20 20:57:43.163781,20.77016706164635,0.16287672184901342,3.382976723257313
2025-08-21 20:57:43.163781,21.83301168690006,0.16130024391077366,3.5216701104037518
2025-08-22 20:57:43.163781,20.12650379542453,0.158961681645971,3.199342888974701
2025-08-23 20:57:43.163781,17.67022714327524,0.16499035966622072,2.915417131752798
2025-08-24 20:57:43.163781,21.93011603546631,0.16200693899234966,3.5528309706529395
2025-08-25 20:57:43.163781,18.148903521723195,0.1592125584149366,2.8895333621194026
2025-08-26 20:57:43.163781,19.913179734514074,0.1603901447451115,3.1938777799541334
2025-08-27 20:57:43.163781,17.62954658877787,0.1608928477614654,2.8364679554118997
2025-08-28 20:57:43.163781,23.31746943708818,0.16078994481557984,3.749214624028378
2025-08-29 20:57:43.163781,22.763091752417775,0.16274810461741893,3.704650037938394
2025-08-30 20:57:43.163781,15.0,0.15918966117631883,2.3878449176447827
2025-08-31 20:57:43.163781,21.074317829698256,0.16024408695297868,3.377034818776876
2025-09-01 20:57:43.163781,17.297330330183982,0.16162514083669205,2.795683450714771
2025-09-02 20:57:43.163781,25.672088630719703,0.16599996618688698,4.261565844646237
2025-09-03 20:57:43.163781,17.18332891371267,0.16448447175130892,2.826390779301022
2025-09-04 20:57:43.163781,19.29106500922663,0.15917183311339134,3.0705941802282046
2025-09-05 20:57:43.163781,19.90906181113674,0.1577113984627676,3.1398859803160564
2025-09-06 20:57:43.163781,24.213282630148154,0.16660385885337395,4.034026321690054
2025-09-07 20:57:43.163781,20.53411233171809,0.15868949116978762,3.258547837543605
2025-09-08 20:57:43.163781,22.893222512649718,0.16281645059633917,3.7273932322218326
2025-09-09 20:57:43.163781,21.52399390382571,0.1650360128579581,3.5522341346663913
2025-09-10 20:57:43.163781,15.947393459892451,0.1620729628010868,2.584641306999444
2025-09-11 20:57:43.163781,22.42399108682148,0.16153250703095945,3.6222034978941626
2025-09-12 20:57:43.163781,22.55025812737922,0.16165028429060366,3.6452556371173466
2025-09-13 20:57:43.163781,21.97152926706317,0.16042109003788255,3.524696674821512
2025-09-14 20:57:43.163781,24.429295820695028,0.16353685752434177,3.9950902700490007
2025-09-15 20:57:43.163781,26.727587987896435,0.16141988182478922,4.314364094467899
2025-09-16 20:57:43.163781,28.896400605718092,0.16204103140371565,4.6824025580055135
2025-09-17 20:57:43.163781,24.287115428306628,0.16436079639905818,3.9918496340323304
2025-09-18 20:57:43.163781,23.9298480083678,0.16813928002988868,4.0235474153516275
2025-09-19 20:57:43.163781,26.97066075274357,0.1603743748742495,4.325402858166705
2025-09-20 20:57:43.163781,30.93245926220526,0.16073265886782234,4.97185642253485
2025-09-21 20:57:43.163781,26.81125562684586,0.1601518533530263,4.2938722793611195
